ProductId,ProductName,Price,CategoryId,CategoryName,Barcode,Location
prodwwdPQkWxTwdV,Nutriwish Almonds (250g),350,cat3EkaqSvchOii,Almonds,"""2760757649836""","Aisle 9, Section 2, Shelf 1"
prodBNZqDcmIZ4Az,Borges California Almonds (500g),600,cat3EkaqSvchOii,Almonds,"""1590605625505""","Aisle 6, Section 1, Shelf 7"
prodMsTbpG4b7cEg,Happilo Premium Californian Almonds (1kg),1200,cat3EkaqSvchOii,Almonds,"""2352345483117""","Aisle 3, Section 8, Shelf 2"
prodQncEVUQGClTW,Ash Gourd (250 g),25,cattplsQxpKkA06,Ash gourd,"""1950524692847""","Aisle 7, Section 8, Shelf 4"
prod38uZ3hWRAedR,Ash Gourd (500 g),30,cattplsQxpKkA06,Ash gourd,"""9094955732632""","Aisle 1, Section 3, Shelf 8"
prodFcF4vE0jFsuk,Ash Gourd (1 kg),35,cattplsQxpKkA06,Ash gourd,"""2415705948039""","Aisle 4, Section 3, Shelf 9"
prodCsImDUDEaCiu,McCain Smiles Baby Potato (400g),150,catlAA7FejpJWvC,Baby potato,"""7565082368880""","Aisle 8, Section 3, Shelf 6"
prodNnUD99RTbHA4,Keya Freeze Dried Baby Potato (50g),80,catlAA7FejpJWvC,Baby potato,"""1779609925498""","Aisle 10, Section 9, Shelf 10"
prodtrcCWalorV9R,Fresho Baby Potato (500g),40,catlAA7FejpJWvC,Baby potato,"""2713246681813""","Aisle 5, Section 9, Shelf 3"
proda1geKLw6yltm,Tata Baking Powder (100g),25,catz53nYpGSPnIN,Baking powder,"""2691434140489""","Aisle 2, Section 6, Shelf 5"
prod99e8HX0CHzY4,Weikfield Baking Powder (100g),40,catz53nYpGSPnIN,Baking powder,"""2856617626692""","Aisle 9, Section 1, Shelf 1"
prodOHRyEX41UQ0u,Five Star Baking Powder (50g),15,catz53nYpGSPnIN,Baking powder,"""7448481553813""","Aisle 6, Section 10, Shelf 7"
prodLfZVdnFSdtRj,Puramate Baking Soda (100g),20,catyHg9GR1DFj6C,Baking soda,"""7820985726138""","Aisle 3, Section 7, Shelf 2"
prodIkSVcebXJdyb,Urban Platter Baking Soda (250g),30,catyHg9GR1DFj6C,Baking soda,"""5495252072236""","Aisle 7, Section 9, Shelf 4"
prodA3YFa3Kivvex,Cookme Baking Soda (50g),10,catyHg9GR1DFj6C,Baking soda,"""3138306679913""","Aisle 1, Section 4, Shelf 8"
prodhCohIJVkNOai,Banana Leaves (10 leaves),50,cat0pYXjT2NfiVX,Banana leaves,"""2023590026599""","Aisle 4, Section 2, Shelf 9"
prodp8Xp1LBGm75A,Banana Leaves (5 leaves),30,cat0pYXjT2NfiVX,Banana leaves,"""2514330968982""","Aisle 8, Section 4, Shelf 6"
prodpzHot29xemFA,Banana Leaves (15 leaves),60,cat0pYXjT2NfiVX,Banana leaves,"""2662181678002""","Aisle 10, Section 10, Shelf 10"
prodzsbY1MMo6duW,India Gate Basmati Rice (1kg),150,catqKFhNTB7jaiD,Basmati rice,"""2614932729722""","Aisle 5, Section 8, Shelf 3"
prodzZScqoYUEYcE,Daawat Basmati Rice (5kg),600,catqKFhNTB7jaiD,Basmati rice,"""1580848390776""","Aisle 2, Section 5, Shelf 5"
prodVbrLMtpwFOwj,Kohinoor Basmati Rice (10kg),1200,catqKFhNTB7jaiD,Basmati rice,"""6166206592820""","Aisle 9, Section 10, Shelf 1"
prodwTgxmFxB1dbM,MDH Bay Leaves (50g),40,catC3Fm0lCkBhOa,Bay leaves,"""6183426499631""","Aisle 6, Section 9, Shelf 7"
prodpRKKA1fUmCYZ,Everest Bay Leaves (25g),30,catC3Fm0lCkBhOa,Bay leaves,"""2877450415628""","Aisle 3, Section 6, Shelf 2"
prodYfXNAfoG6Jy0,Tata Sampann Bay Leaves (100g),80,catC3Fm0lCkBhOa,Bay leaves,"""3669025396484""","Aisle 7, Section 10, Shelf 4"
prodp2EqbcEnB7l7,Fresho Green Beans (500g),40,catjhUPDtQnhBDx,Beans,"""1092289589620""","Aisle 1, Section 5, Shelf 8"
prodQf2MmJRTpMKf,Mother Dairy French Beans (1 kg),60,catjhUPDtQnhBDx,Beans,"""2782516863706""","Aisle 4, Section 1, Shelf 9"
prodBxgJXUWv5qUP,Reliance Fresh String Beans (250g),25,catjhUPDtQnhBDx,Beans,"""2772864753578""","Aisle 8, Section 5, Shelf 6"
prod1OWqJoCmCnka,Fresho Red Bell Pepper (250g),40,catls0h0OQrgPh2,Bell pepper,"""1066978258570""","Aisle 10, Section 1, Shelf 10"
prod9aDwfyx2oqBM,Keya Freeze Dried Bell Pepper (50g),60,catls0h0OQrgPh2,Bell pepper,"""2532146816727""","Aisle 5, Section 7, Shelf 3"
prodMfLnQgfqKs2J,Namdharis Fresh Yellow Bell Pepper (500g),80,catls0h0OQrgPh2,Bell pepper,"""3024400799606""","Aisle 2, Section 4, Shelf 5"
prodLVYG7GSfr4LT,Bhetki Fish (500g),300,catthAS8kwG60t6,Bhetki fish,"""2872073617537""","Aisle 9, Section 9, Shelf 1"
prodg3fg667XQzHq,Bhetki Fish (1kg),600,catthAS8kwG60t6,Bhetki fish,"""1272033780030""","Aisle 6, Section 8, Shelf 7"
prodkzOYYgHl6m4X,Bhetki Fish (250g),150,catthAS8kwG60t6,Bhetki fish,"""1691012797623""","Aisle 3, Section 5, Shelf 2"
prodSbIFV40blzZn,Catch Black Pepper Powder (100g),50,catYPt6ig2qLqg9,Black pepper,"""1411785589436""","Aisle 7, Section 1, Shelf 4"
prodgfjc2FQ4N01z,Everest Black Pepper Powder (50g),40,catYPt6ig2qLqg9,Black pepper,"""6282619958863""","Aisle 1, Section 6, Shelf 8"
prod3GdlxCfmfNwu,MDH Black Pepper Powder (200g),80,catYPt6ig2qLqg9,Black pepper,"""2464431262494""","Aisle 4, Section 10, Shelf 9"
prod1kjCbYM2w5HS,Bombay Duck Fish (500g),200,catSQpkcLY68zlQ,Bombay duck fish,"""1648163582507""","Aisle 8, Section 6, Shelf 6"
prodJHPhqSHdOsTw,Bombay Duck Fish (1kg),400,catSQpkcLY68zlQ,Bombay duck fish,"""3204428387415""","Aisle 10, Section 2, Shelf 10"
prodjIcTdTzicHnO,Bombay Duck Fish (250g),100,catSQpkcLY68zlQ,Bombay duck fish,"""3047376180927""","Aisle 5, Section 6, Shelf 3"
prodSV000cjsGbgn,Britannia Whole Wheat Bread (500g),40,catpMCrRE5sMAYD,Bread,"""1653232553784""","Aisle 2, Section 3, Shelf 5"
prodHl73P3bsrOsW,Modern Bread (400g),30,catpMCrRE5sMAYD,Bread,"""1880302107059""","Aisle 9, Section 8, Shelf 1"
prodo3uQtSZvRInS,Brown Bread (250g),25,catpMCrRE5sMAYD,Bread,"""6978734201338""","Aisle 6, Section 7, Shelf 7"
prods8dVRrvMbAKl,Amul Butter (100g),50,catFltTv1adheh9,Butter,"""1105476751422""","Aisle 3, Section 4, Shelf 2"
prodxS2ROpro9sNW,Mother Dairy Butter (200g),60,catFltTv1adheh9,Butter,"""2823624825931""","Aisle 7, Section 2, Shelf 4"
prod4zgQmCoNCGdy,Nandini Butter (500g),120,catFltTv1adheh9,Butter,"""2546172021069""","Aisle 1, Section 7, Shelf 8"
prodkrJhwchGBijD,Fresh Cabbage (1 kg),30,catNJrAK7kf1IFZ,Cabbage,"""5224088608011""","Aisle 4, Section 9, Shelf 9"
prodxYbVZmjbDPSr,Fresh Cabbage (500g),20,catNJrAK7kf1IFZ,Cabbage,"""7774909769771""","Aisle 8, Section 7, Shelf 6"
prodpcP7idDFmvE1,Namdharis Fresh Red Cabbage (250g),15,catNJrAK7kf1IFZ,Cabbage,"""3299923479667""","Aisle 10, Section 3, Shelf 10"
prodMc4eZj30xqVZ,Fresho Green Capsicum (250g),30,catadJwK2XkbccF,Capsicum,"""2123111353350""","Aisle 5, Section 5, Shelf 3"
prodOvj4rVapftOE,Namdharis Fresh Red Capsicum (500g),50,catadJwK2XkbccF,Capsicum,"""1454620122819""","Aisle 2, Section 2, Shelf 5"
prodlzH7lQAPEYhA,Reliance Fresh Yellow Capsicum (1 kg),40,catadJwK2XkbccF,Capsicum,"""1317745912063""","Aisle 9, Section 7, Shelf 1"
prodKv5ejDSWML76,Cardamom (50g),100,catmhVowSht37xL,Cardamom,"""1152154865082""","Aisle 6, Section 6, Shelf 7"
prodXDMjxvyBwDgw,Cardamom (25g),80,catmhVowSht37xL,Cardamom,"""3008967622021""","Aisle 3, Section 3, Shelf 2"
proddF5HJkx8Pkgt,Cardamom (100g),150,catmhVowSht37xL,Cardamom,"""2582350376722""","Aisle 7, Section 3, Shelf 4"
prodL8eHty1GdmtW,Fresh Carrot (1 kg),40,catmRTfbGcPWfTp,Carrot,"""2134676895562""","Aisle 1, Section 8, Shelf 8"
prodF2ueRfBBsDBM,Fresh Carrot (500g),25,catmRTfbGcPWfTp,Carrot,"""3038649909390""","Aisle 4, Section 8, Shelf 9"
prodtuebEsNI92oA,Fresh Carrot (250g),15,catmRTfbGcPWfTp,Carrot,"""8722788467705""","Aisle 8, Section 8, Shelf 6"
prodzG1iFXMPURBi,Nutraj Cashew Nuts (500g),600,catBmGpmFrP0B2y,Cashew nuts,"""3276774335785""","Aisle 10, Section 4, Shelf 10"
prod9iwvdln6Wbtt,Nutraj Cashew Nuts (250g),400,catBmGpmFrP0B2y,Cashew nuts,"""1498053890376""","Aisle 5, Section 4, Shelf 3"
prodN6cu5w4BURu1,Happilo Premium Cashew Nuts (1kg),1200,catBmGpmFrP0B2y,Cashew nuts,"""1727973839394""","Aisle 2, Section 1, Shelf 5"
prod7O6dfkkDeAr5,Fresh Cauliflower (400g),30,catzxN98E3PZIpF,Cauliflower,"""8277768863178""","Aisle 9, Section 6, Shelf 1"
prodwlIZql7f1KoC,Fresh Cauliflower (500g),40,catzxN98E3PZIpF,Cauliflower,"""1197967886627""","Aisle 6, Section 5, Shelf 7"
prodyPGEHKDIHch0,Fresh Cauliflower (300g),25,catzxN98E3PZIpF,Cauliflower,"""1317072165676""","Aisle 3, Section 2, Shelf 2"
prodwPc2JGF5Wn9S,MDH Chaat Masala (100g),50,catThENWz1HH530,Chaat masala,"""8335635250607""","Aisle 7, Section 4, Shelf 4"
prodP8NF4fR1mo96,Everest Chaat Masala (50g),30,catThENWz1HH530,Chaat masala,"""1561193436546""","Aisle 1, Section 9, Shelf 8"
prodxO8rpYLORhY2,Everest Chaat Masala (100g),60,catThENWz1HH530,Chaat masala,"""9356434300422""","Aisle 4, Section 7, Shelf 9"
prodUmnMVG2J0WED,Chana Dal (500g),60,cat0wU1v8vFMYzP,Chana dal,"""1555574487229""","Aisle 8, Section 9, Shelf 6"
prodP3bLuKJEVmFd,Chana Dal (1kg),100,cat0wU1v8vFMYzP,Chana dal,"""3828089942446""","Aisle 10, Section 5, Shelf 10"
prodg37dgD6yoojd,Chana Dal (250g),30,cat0wU1v8vFMYzP,Chana dal,"""9655068138310""","Aisle 5, Section 3, Shelf 3"
prodpdA4CjkUGM0n,Venky's Frozen Chicken (500g),200,cataZfixVssNe6s,Chicken,"""1016884995956""","Aisle 2, Section 10, Shelf 5"
prodRTDf5Mi91B8n,Godrej Real Good Chicken (1kg),400,cataZfixVssNe6s,Chicken,"""1440297234013""","Aisle 9, Section 5, Shelf 1"
prodONim5JJZyp3N,Big Bazaar Fresh Chicken (1kg),350,cataZfixVssNe6s,Chicken,"""2846798187479""","Aisle 6, Section 4, Shelf 7"
prodl0CVv4Y6Hn5y,Pillsbury Chickpea Flour (500g),50,catysH2pV8nJo6j,Chickpea flour,"""2730675871816""","Aisle 3, Section 1, Shelf 2"
prodqqij4v5lztPL,Aashirvaad Chickpea Flour (1kg),80,catysH2pV8nJo6j,Chickpea flour,"""1420620714681""","Aisle 7, Section 5, Shelf 4"
prodw8PBFEkWSAaC,Aashirvaad Chickpea Flour (500g),60,catysH2pV8nJo6j,Chickpea flour,"""6867186637433""","Aisle 1, Section 10, Shelf 8"
prod5bkhbkeCn801,Tata Chickpeas (500g),80,catKrqfAaj2tKWk,Chickpeas,"""4708163823045""","Aisle 4, Section 6, Shelf 9"
prodNXHDACBLgXxy,Fortune Chickpeas (1kg),150,catKrqfAaj2tKWk,Chickpeas,"""1972963852817""","Aisle 8, Section 10, Shelf 6"
prod5nWhjAZtXCEx,Reliance Fresh Chickpeas (250g),40,catKrqfAaj2tKWk,Chickpeas,"""2772481171574""","Aisle 10, Section 6, Shelf 10"
prodYc50CP88vT48,Fresh Cilantro (100g),20,catgdIEva0OpFNn,Cilantro,"""1445631023122""","Aisle 5, Section 2, Shelf 3"
prodR5DrKsTauW4e,Fresh Cilantro (200g),30,catgdIEva0OpFNn,Cilantro,"""2053263029100""","Aisle 2, Section 9, Shelf 5"
prodpsWgkxq8dZ32,Fresh Cilantro (50g),15,catgdIEva0OpFNn,Cilantro,"""3015083164887""","Aisle 9, Section 4, Shelf 1"
prodhedwaO8BlMbn,Tata Cinnamon Powder (50g),40,catk2NVoiE4pCPK,Cinnamon,"""2684527589712""","Aisle 6, Section 3, Shelf 7"
prodjIxtDXoye81x,MDH Cinnamon Powder (100g),50,catk2NVoiE4pCPK,Cinnamon,"""3374837322815""","Aisle 3, Section 10, Shelf 2"
prodSYyniWuip59w,Everest Cinnamon Powder (25g),30,catk2NVoiE4pCPK,Cinnamon,"""3191857868943""","Aisle 7, Section 6, Shelf 4"
prodZ4CDQPtbOvAB,MDH Clove (50g),60,catzaa9HHK0KFRp,Clove,"""2810786160449""","Aisle 1, Section 2, Shelf 8"
prodicnM3YX6Y9Yn,Everest Clove (25g),40,catzaa9HHK0KFRp,Clove,"""2885230786048""","Aisle 4, Section 5, Shelf 9"
prodccGbFrQRhYzg,Everest Clove (100g),80,catzaa9HHK0KFRp,Clove,"""5621838436013""","Aisle 8, Section 1, Shelf 6"
prodCxFWQ6pO9ktH,Nuttvia Coconut Chips (200g),150,catrndC3LxKyPqv,Coconut,"""2642822984818""","Aisle 10, Section 7, Shelf 10"
prodX9jGDJkh5uNX,Coconut (1 piece),20,catrndC3LxKyPqv,Coconut,"""1099137629254""","Aisle 5, Section 11, Shelf 3"
prodDMPjlp3KBSFV,Happilo Premium Coconut Slices (250g),100,catrndC3LxKyPqv,Coconut,"""3401376992595""","Aisle 2, Section 8, Shelf 5"
prod7xaCkbOJ8dI1,Dabur Hommade Coconut Milk (200ml),30,catPwB7KcIrKTHS,Coconut milk,"""3330486814248""","Aisle 9, Section 3, Shelf 1"
prodS1AZsxbBdja3,Safal Coconut Milk (1L),80,catPwB7KcIrKTHS,Coconut milk,"""1764565462342""","Aisle 6, Section 2, Shelf 7"
prodOk3Gi4wfd7jZ,Real Thai Coconut Milk (400ml),50,catPwB7KcIrKTHS,Coconut milk,"""1099281342276""","Aisle 3, Section 9, Shelf 2"
produaZAusN8u61I,KLF Nirmal Virgin Coconut Oil (500ml),200,catY4U6CrfvWNn3,Coconut oil,"""2230279191451""","Aisle 7, Section 7, Shelf 4"
prodkNqGl7722GoJ,Parachute Coconut Oil (1L),300,catY4U6CrfvWNn3,Coconut oil,"""1514812851021""","Aisle 1, Section 1, Shelf 8"
prodHpMfjLQGymqm,VVD Pure Coconut Oil (200ml),80,catY4U6CrfvWNn3,Coconut oil,"""1215822758168""","Aisle 4, Section 4, Shelf 9"
prodeBrDhRAibb4h,Coriander Leaves (50g),15,catb5wVMUhymtGr,Coriander leaves,"""2629577053712""","Aisle 8, Section 2, Shelf 6"
prodeNVwO0xHH8r1,Coriander Leaves (25g),10,catb5wVMUhymtGr,Coriander leaves,"""1326496544747""","Aisle 10, Section 8, Shelf 10"
prodnJy0Uyslrklo,Coriander Leaves (100g),20,catb5wVMUhymtGr,Coriander leaves,"""5532807569871""","Aisle 5, Section 10, Shelf 3"
prodjSiHif9bBEnw,Tata Coriander Powder (100g),40,catANsshoBfH6RT,Coriander powder,"""1991514717057""","Aisle 2, Section 7, Shelf 5"
prodrTGul5VvsSQX,Everest Coriander Powder (50g),30,catANsshoBfH6RT,Coriander powder,"""2370745465871""","Aisle 9, Section 2, Shelf 1"
prodEk1hgXhNznOD,MDH Coriander Powder (200g),60,catANsshoBfH6RT,Coriander powder,"""1514630188141""","Aisle 6, Section 1, Shelf 7"
prodLTl6lEP7wJ1d,Keya Freeze Dried Coriander Seeds (50g),50,catcirOcv86UOfn,Coriander seeds,"""3824241983135""","Aisle 3, Section 8, Shelf 2"
prodeM0s8smCgcKD,Tata Coriander Seeds (100g),40,catcirOcv86UOfn,Coriander seeds,"""1435124469131""","Aisle 7, Section 8, Shelf 4"
prodkoygqAfAxPRF,Everest Coriander Seeds (25g),20,catcirOcv86UOfn,Coriander seeds,"""2870590928209""","Aisle 1, Section 3, Shelf 8"
prodmUKlKq8qjZ7z,Aashirvaad Corn Flour (500g),50,cateFRFt8V82keK,Corn flour,"""2575978092281""","Aisle 4, Section 3, Shelf 9"
prodP4Nx3QfYMnG4,Pillsbury Corn Flour (1kg),80,cateFRFt8V82keK,Corn flour,"""6877292439888""","Aisle 8, Section 3, Shelf 6"
prodli6ZUtU6JBRh,Keya Freeze Dried Corn Flour (250g),60,cateFRFt8V82keK,Corn flour,"""4746212340957""","Aisle 10, Section 9, Shelf 10"
prodJSXeAHRsSg5X,Mother Dairy Cottage Cheese (200g),50,catZdBxrmwDbaEW,Cottage cheese,"""3614990593153""","Aisle 5, Section 9, Shelf 3"
produShA8IYkDU3D,Amul Cottage Cheese (500g),100,catZdBxrmwDbaEW,Cottage cheese,"""7656191112161""","Aisle 2, Section 6, Shelf 5"
prodBylqRwHIXOnS,Nandini Cottage Cheese (1kg),150,catZdBxrmwDbaEW,Cottage cheese,"""3223518250245""","Aisle 9, Section 1, Shelf 1"
prodHbNcaDcOu9iP,Fresh Crab (500g),300,cat6CNUUbwYm2Ra,Crab,"""1638468902938""","Aisle 6, Section 10, Shelf 7"
prodrbORFZdiVGSF,Fresh Crab (1kg),500,cat6CNUUbwYm2Ra,Crab,"""4074523844245""","Aisle 3, Section 7, Shelf 2"
prodAz0dEJn7770Y,Fresh Crab (250g),150,cat6CNUUbwYm2Ra,Crab,"""2201122652961""","Aisle 7, Section 9, Shelf 4"
prodRMSshJRSJNIO,Amul Cream (200ml),50,catgXZxEFgfMa7S,Cream,"""3246080764973""","Aisle 1, Section 4, Shelf 8"
prodlb4WWAzn9vOV,Mother Dairy Cream (500ml),100,catgXZxEFgfMa7S,Cream,"""2332508131210""","Aisle 4, Section 2, Shelf 9"
prodrj0VkctPu08R,Nestle Cream (1L),200,catgXZxEFgfMa7S,Cream,"""2619089202252""","Aisle 8, Section 4, Shelf 6"
prodDfg8j0sMIwYv,Cucumber (500g),20,cat9TPwblZ5I8ez,Cucumber,"""2865728916639""","Aisle 10, Section 10, Shelf 10"
prodq5NYnRZnYlTN,Cucumber (1kg),30,cat9TPwblZ5I8ez,Cucumber,"""2770644632427""","Aisle 5, Section 8, Shelf 3"
prodzyXKsbajgzV6,Cucumber (250g),15,cat9TPwblZ5I8ez,Cucumber,"""1233501053149""","Aisle 2, Section 5, Shelf 5"
prod0tEIgCmVHZ2A,Tata Cumin Powder (100g),40,catMKfyyBhYznpB,Cumin powder,"""1672062308521""","Aisle 9, Section 10, Shelf 1"
produe4AdR2Xcpjh,Everest Cumin Powder (50g),30,catMKfyyBhYznpB,Cumin powder,"""3092450920211""","Aisle 6, Section 9, Shelf 7"
prod59QBKPhsZUkP,MDH Cumin Powder (200g),60,catMKfyyBhYznpB,Cumin powder,"""8348863977782""","Aisle 3, Section 6, Shelf 2"
prodMzqXO9DSO22D,Keya Freeze Dried Cumin Seeds (50g),50,catDRbWrY9ZJbEy,Cumin seeds,"""9829193626573""","Aisle 7, Section 10, Shelf 4"
prodrkKMJxtiVTKr,Tata Cumin Seeds (100g),40,catDRbWrY9ZJbEy,Cumin seeds,"""1444758858794""","Aisle 1, Section 5, Shelf 8"
prodAajCfwaflrby,Everest Cumin Seeds (25g),20,catDRbWrY9ZJbEy,Cumin seeds,"""7893999351538""","Aisle 4, Section 1, Shelf 9"
produwR53E6sEUtj,Mother Dairy Curd (500g),30,catfkGjQAKmBD4Q,Curd,"""3324305248054""","Aisle 8, Section 5, Shelf 6"
prodAb5Uk6YKaz7v,Amul Curd (1kg),60,catfkGjQAKmBD4Q,Curd,"""9534738379116""","Aisle 10, Section 1, Shelf 10"
prodi7nzTQw1apnZ,Nandini Curd (200g),15,catfkGjQAKmBD4Q,Curd,"""1099649361885""","Aisle 5, Section 7, Shelf 3"
prodpK7H9o1q1xBW,Dried Curry Leaves (20g),40,cat9bdzARtJb7nr,Curry leaves,"""2578635076459""","Aisle 2, Section 4, Shelf 5"
prodhooFi3rNDOB4,Tata Curry Leaves (50g),30,cat9bdzARtJb7nr,Curry leaves,"""1289512412799""","Aisle 9, Section 9, Shelf 1"
prodgpQbdlLIIPFy,Everest Curry Leaves (10g),20,cat9bdzARtJb7nr,Curry leaves,"""8875781081812""","Aisle 6, Section 8, Shelf 7"
prodizYNtFy5PpPF,Desiccated Coconut (100g),60,cateuPWUTz1Qpbe,Desiccated coconut,"""8955963816889""","Aisle 3, Section 5, Shelf 2"
prodhMvuyAHG75sq,Namdharis Desiccated Coconut (250g),80,cateuPWUTz1Qpbe,Desiccated coconut,"""1049958833723""","Aisle 7, Section 1, Shelf 4"
prodysY5wIeuMyda,Desiccated Coconut (500g),100,cateuPWUTz1Qpbe,Desiccated coconut,"""7483081271621""","Aisle 1, Section 6, Shelf 8"
prodikcy1bJY1tJl,Drumstick (500g),30,cat9GB3lZuSfnRc,Drumstick,"""8883261649160""","Aisle 4, Section 10, Shelf 9"
prodXk67uaEN51cP,Drumstick (1kg),50,cat9GB3lZuSfnRc,Drumstick,"""2802383617091""","Aisle 8, Section 6, Shelf 6"
prodOadnPzvflGmN,Drumstick (250g),20,cat9GB3lZuSfnRc,Drumstick,"""2217379795487""","Aisle 10, Section 2, Shelf 10"
prod3UHvI7tPMSxB,Egg (6 pieces),40,catEtulHCfXIWp5,Egg,"""7147917687580""","Aisle 5, Section 6, Shelf 3"
prodTai4kn6NcaWV,Egg (12 pieces),70,catEtulHCfXIWp5,Egg,"""1383168953264""","Aisle 2, Section 3, Shelf 5"
prodHjhc4pN6IP4g,Egg (18 pieces),90,catEtulHCfXIWp5,Egg,"""8619687345885""","Aisle 9, Section 8, Shelf 1"
prodEE2fnb2gAd9q,Eggplant (500g),20,catd3XAdspEOEb0,Eggplant,"""2588025362379""","Aisle 6, Section 7, Shelf 7"
prod5NsjhDNN2I30,Eggplant (1kg),35,catd3XAdspEOEb0,Eggplant,"""2681893741316""","Aisle 3, Section 4, Shelf 2"
prodqk33siZVuk2W,Eggplant (250g),15,catd3XAdspEOEb0,Eggplant,"""3266669154118""","Aisle 7, Section 2, Shelf 4"
prodi1eKwSziWCPD,Farsan (100g),80,cat0IwWN1jiurEJ,Farsan,"""3162411180719""","Aisle 1, Section 7, Shelf 8"
prodeW8KEVgboGwm,Farsan (250g),100,cat0IwWN1jiurEJ,Farsan,"""3323409879972""","Aisle 4, Section 9, Shelf 9"
prodbeEhzlsrAil8,Farsan (500g),150,cat0IwWN1jiurEJ,Farsan,"""2341990012987""","Aisle 8, Section 7, Shelf 6"
prodXbHaiiaXGj6l,MDH Fennel Powder (50g),40,cataN84iw4bSHlG,Fennel powder,"""3282145224973""","Aisle 10, Section 3, Shelf 10"
prodWnclVIbfZFKn,Everest Fennel Powder (25g),30,cataN84iw4bSHlG,Fennel powder,"""3085690937222""","Aisle 5, Section 5, Shelf 3"
prodUP6phNC0vRfM,Tata Fennel Powder (100g),50,cataN84iw4bSHlG,Fennel powder,"""2083729747472""","Aisle 2, Section 2, Shelf 5"
prodXXBsX7zUc1HZ,Tata Fennel Seeds (100g),40,catgCkPNHljFqks,Fennel seeds,"""2499406315429""","Aisle 9, Section 7, Shelf 1"
prod1iUQGDBFKd39,Everest Fennel Seeds (50g),30,catgCkPNHljFqks,Fennel seeds,"""3292723314775""","Aisle 6, Section 6, Shelf 7"
prodRCgrjFduLCTe,MDH Fennel Seeds (200g),60,catgCkPNHljFqks,Fennel seeds,"""1062748858706""","Aisle 3, Section 3, Shelf 2"
prodycnYb8IWdSMx,Namdharis Fenugreek Leaves (100g),20,cat5OlRDlItJkjl,Fenugreek leaves,"""5920092542446""","Aisle 7, Section 3, Shelf 4"
prodhjKIprF8awzZ,Reliance Fresh Fenugreek Leaves (50g),15,cat5OlRDlItJkjl,Fenugreek leaves,"""1715271507566""","Aisle 1, Section 8, Shelf 8"
prodC2oixE3e2eFQ,Big Bazaar Fenugreek Leaves (200g),30,cat5OlRDlItJkjl,Fenugreek leaves,"""1889743109377""","Aisle 4, Section 8, Shelf 9"
prod6dXCjX4puVuo,Fenugreek Seeds (100g),40,catDcIdMZOTG5ja,Fenugreek seeds,"""2923480942269""","Aisle 8, Section 8, Shelf 6"
prodrJMUT2LufRJN,Fenugreek Seeds (50g),30,catDcIdMZOTG5ja,Fenugreek seeds,"""1151849745062""","Aisle 10, Section 4, Shelf 10"
prodJ5ZOYb9cu0o1,Fenugreek Seeds (200g),60,catDcIdMZOTG5ja,Fenugreek seeds,"""3692210468962""","Aisle 5, Section 4, Shelf 3"
prodMHaAreQs8Jna,Reliance Fresh Fish Fillets (500g),200,catjFFn4yII6j42,Fish fillets,"""1944539070162""","Aisle 2, Section 1, Shelf 5"
prodmpuFgik93kbJ,Big Bazaar Fish Fillets (1kg),400,catjFFn4yII6j42,Fish fillets,"""3150854678482""","Aisle 9, Section 6, Shelf 1"
prodJnuBUEbyq5ap,Namdharis Fish Fillets (250g),150,catjFFn4yII6j42,Fish fillets,"""2694226767837""","Aisle 6, Section 5, Shelf 7"
prode4qWw56kK91I,Keya Freeze Dried Flavorings (50g),60,cat4F9AuLl49Gn8,Flavorings,"""2879105676586""","Aisle 3, Section 2, Shelf 2"
prodepMqakmvhXyD,MDH Flavorings (100g),80,cat4F9AuLl49Gn8,Flavorings,"""1698711914137""","Aisle 7, Section 4, Shelf 4"
prodFu7Jx2Le1Snh,Everest Flavorings (25g),40,cat4F9AuLl49Gn8,Flavorings,"""3321843259892""","Aisle 1, Section 9, Shelf 8"
prodTUCQmEFNuydS,MDH Garam Masala (100g),50,cateeUK7q0hMPD9,Garam masala,"""1826973108889""","Aisle 4, Section 7, Shelf 9"
prodaK6K6zRLYJnV,Everest Garam Masala (50g),30,cateeUK7q0hMPD9,Garam masala,"""1468667883241""","Aisle 8, Section 9, Shelf 6"
prod7DvLbtci4r3O,Tata Garam Masala (200g),80,cateeUK7q0hMPD9,Garam masala,"""1681931562663""","Aisle 10, Section 5, Shelf 10"
prod5GJXC43rEzhH,Reliance Fresh Garlic (250g),20,catxdnJwtDRY5xt,Garlic,"""2683626612825""","Aisle 5, Section 3, Shelf 3"
prodzSBYuOvpZEUB,Big Bazaar Garlic (500g),30,catxdnJwtDRY5xt,Garlic,"""2804620952077""","Aisle 2, Section 10, Shelf 5"
prodAV8xoJ9LlEEm,Namdharis Garlic (100g),15,catxdnJwtDRY5xt,Garlic,"""1942314235231""","Aisle 9, Section 5, Shelf 1"
prodwr9vauOUWuAT,Amul Ghee (500g),250,catziviHtSQwaGp,Ghee,"""3259843557215""","Aisle 6, Section 4, Shelf 7"
prodcf7vAZHHP5U2,Mother Dairy Ghee (1kg),500,catziviHtSQwaGp,Ghee,"""6011990086041""","Aisle 3, Section 1, Shelf 2"
produWVIcZzTBmWJ,Nandini Ghee (200g),100,catziviHtSQwaGp,Ghee,"""6413570584504""","Aisle 7, Section 5, Shelf 4"
prodUBeU81OB5X2O,Ginger (250g),20,catfG4TAslynoVQ,Ginger,"""5588525597349""","Aisle 1, Section 10, Shelf 8"
prodHVZrTBTyuFRA,Ginger (500g),30,catfG4TAslynoVQ,Ginger,"""2556652891905""","Aisle 4, Section 6, Shelf 9"
produHTYhVqvkLgC,Ginger (100g),15,catfG4TAslynoVQ,Ginger,"""2438879208530""","Aisle 8, Section 10, Shelf 6"
prodmZTAuAVRFd3P,Keya Freeze Dried Ginger Garlic Paste (100g),80,cat3avf0vVRc9DA,Ginger garlic paste,"""1098284308039""","Aisle 10, Section 6, Shelf 10"
prodFagYO5Ec9Ebx,Reliance Fresh Ginger Garlic Paste (250g),100,cat3avf0vVRc9DA,Ginger garlic paste,"""3123430890637""","Aisle 5, Section 2, Shelf 3"
prod17kfkx9o5meB,Big Bazaar Ginger Garlic Paste (500g),150,cat3avf0vVRc9DA,Ginger garlic paste,"""3232226830385""","Aisle 2, Section 9, Shelf 5"
prod2iWWf6u1dyjZ,MDH Ginger Powder (50g),40,catfIjKKVL6YCsC,Ginger powder,"""1562236180969""","Aisle 9, Section 4, Shelf 1"
prodCTnAnTQv2lbr,Everest Ginger Powder (25g),30,catfIjKKVL6YCsC,Ginger powder,"""2288676434260""","Aisle 6, Section 3, Shelf 7"
prodl0AczVcbXwT8,Tata Ginger Powder (100g),50,catfIjKKVL6YCsC,Ginger powder,"""1883065822912""","Aisle 3, Section 10, Shelf 2"
prod2jT6s4Cw4ss7,Reliance Fresh Goat Brain (250g),150,catxQR82IE5W8PC,Goat brain,"""2749794462040""","Aisle 7, Section 6, Shelf 4"
prodjl59h37g9zyp,Big Bazaar Goat Brain (500g),250,catxQR82IE5W8PC,Goat brain,"""1985905182807""","Aisle 1, Section 2, Shelf 8"
prodN3sHb28jhHKU,Namdharis Goat Brain (1kg),400,catxQR82IE5W8PC,Goat brain,"""3208245954105""","Aisle 4, Section 5, Shelf 9"
prodaX84KY3FfrBR,Tata Gram Flour (500g),60,cat3wqON9TXX2B6,Gram flour,"""1992920658410""","Aisle 8, Section 1, Shelf 6"
prodiDMrr5c2a7Xx,Everest Gram Flour (1kg),100,cat3wqON9TXX2B6,Gram flour,"""9501454874107""","Aisle 10, Section 7, Shelf 10"
prodJ2tNDjGfdV8X,MDH Gram Flour (250g),40,cat3wqON9TXX2B6,Gram flour,"""2245916341365""","Aisle 5, Section 11, Shelf 3"
produsWTQuMvFs1d,Fresho Green Chilies (100g),10,catDhtX7Ok9wmK5,Green chilies,"""1451304375369""","Aisle 2, Section 8, Shelf 5"
prodi3JjCY2QkVqo,Namdharis Green Chilies (200g),20,catDhtX7Ok9wmK5,Green chilies,"""2027836877590""","Aisle 9, Section 3, Shelf 1"
prodowq8fgIldpL8,Reliance Fresh Green Chilies (500g),30,catDhtX7Ok9wmK5,Green chilies,"""1459862221842""","Aisle 6, Section 2, Shelf 7"
prodlcALOJeC86IO,Keya Freeze Dried Green Peas (200g),80,catX3uyd1CpsF9U,Green peas,"""1362648236768""","Aisle 3, Section 9, Shelf 2"
prodMB5QhlMLQZwr,Tata Green Peas (500g),50,catX3uyd1CpsF9U,Green peas,"""2079079996656""","Aisle 7, Section 7, Shelf 4"
prodqzLuKfcJjsz7,Everest Green Peas (1kg),100,catX3uyd1CpsF9U,Green peas,"""2138876486059""","Aisle 1, Section 1, Shelf 8"
prodgpcuG8mRweOk,Reliance Fresh Hilsa Fish (500g),500,cathXW35YX5V1TM,Hilsa fish,"""6931112164604""","Aisle 4, Section 4, Shelf 9"
prod9Nc5WqRNDVAM,Big Bazaar Hilsa Fish (1kg),800,cathXW35YX5V1TM,Hilsa fish,"""1523026391451""","Aisle 8, Section 2, Shelf 6"
prodIc3qkN9G9SP6,Namdharis Hilsa Fish (250g),300,cathXW35YX5V1TM,Hilsa fish,"""1800489868971""","Aisle 10, Section 8, Shelf 10"
prodV4UEkmjC2yag,MDH Jaggery (500g),60,catBYEcKWHqArvv,Jaggery,"""1782163468822""","Aisle 5, Section 10, Shelf 3"
prod3hxz5OFcwOrH,Everest Jaggery (1kg),100,catBYEcKWHqArvv,Jaggery,"""1645577743834""","Aisle 2, Section 7, Shelf 5"
prodrF4hoH0r2GaZ,Tata Jaggery (250g),40,catBYEcKWHqArvv,Jaggery,"""2420357694096""","Aisle 9, Section 2, Shelf 1"
prodtPgr3kVCZpit,Mother Dairy Khoya (200g),50,catvLOZT1b5y8R8,Khoya,"""8124593154087""","Aisle 6, Section 1, Shelf 7"
prodkv5z4EvPSIVu,Amul Khoya (500g),120,catvLOZT1b5y8R8,Khoya,"""3179782062528""","Aisle 3, Section 8, Shelf 2"
prodZG030v47NK4q,Nandini Khoya (1kg),200,catvLOZT1b5y8R8,Khoya,"""3375650009140""","Aisle 7, Section 8, Shelf 4"
prodOoVwpzpy1LbO,Tata Kokum (100g),50,catGKqNE80ZaKfm,Kokum,"""3665036052354""","Aisle 1, Section 3, Shelf 8"
prodfs2DO2VQYwY4,Everest Kokum (50g),30,catGKqNE80ZaKfm,Kokum,"""1584244189517""","Aisle 4, Section 3, Shelf 9"
prodexOn3MShpBsC,MDH Kokum (200g),80,catGKqNE80ZaKfm,Kokum,"""1445985113764""","Aisle 8, Section 3, Shelf 6"
prodHjBbJZ7ankBR,Reliance Fresh Lamb (500g),400,catG7HpUf0A43bb,Lamb,"""2413141166547""","Aisle 10, Section 9, Shelf 10"
prodt115rZURjOJm,Big Bazaar Lamb (1kg),750,catG7HpUf0A43bb,Lamb,"""7231328365423""","Aisle 5, Section 9, Shelf 3"
prodxA0Fe8InLwY9,Namdharis Lamb (250g),200,catG7HpUf0A43bb,Lamb,"""2490225572257""","Aisle 2, Section 6, Shelf 5"
prodO6luUfFY68JH,Tata Lemon (500g),50,catFCdHpS2J0OTg,Lemon,"""1429114809875""","Aisle 9, Section 1, Shelf 1"
prodZOeQ0qHbK3AC,Everest Lemon (1kg),80,catFCdHpS2J0OTg,Lemon,"""2560509780106""","Aisle 6, Section 10, Shelf 7"
prodpuFagaYBZgFc,MDH Lemon (250g),40,catFCdHpS2J0OTg,Lemon,"""8651269506980""","Aisle 3, Section 7, Shelf 2"
prodcgJbmkdPCaA7,Keya Freeze Dried Lentil Flour (500g),60,catPcIAgRromgut,Lentil flour,"""2843638512868""","Aisle 7, Section 9, Shelf 4"
prodnW3nz3yE4jue,Tata Lentil Flour (1kg),100,catPcIAgRromgut,Lentil flour,"""3340924869631""","Aisle 1, Section 4, Shelf 8"
prode7cIMoiitN8v,Everest Lentil Flour (250g),40,catPcIAgRromgut,Lentil flour,"""3064802748274""","Aisle 4, Section 2, Shelf 9"
prodv01M1INMmuTY,Reliance Fresh Mackerel Fish (500g),200,catfslLZP7iYxKi,Mackerel fish,"""5645353658502""","Aisle 8, Section 4, Shelf 6"
prodYHuFlK8CjRk6,Big Bazaar Mackerel Fish (1kg),350,catfslLZP7iYxKi,Mackerel fish,"""3316158858704""","Aisle 10, Section 10, Shelf 10"
prodCxkrOMTcHYxm,Namdharis Mackerel Fish (250g),150,catfslLZP7iYxKi,Mackerel fish,"""1089821959192""","Aisle 5, Section 8, Shelf 3"
prod66m0VaA9NhSo,Namdharis Mango (1kg),80,catZiW2ARI6WC0K,Mango,"""1894112252333""","Aisle 2, Section 5, Shelf 5"
prod53P7S0kvf1BJ,Reliance Fresh Mango (500g),50,catZiW2ARI6WC0K,Mango,"""7128005091866""","Aisle 9, Section 10, Shelf 1"
prodlra7rh0Dgn1e,Big Bazaar Mango (250g),30,catZiW2ARI6WC0K,Mango,"""2555576183423""","Aisle 6, Section 9, Shelf 7"
prodEgCuqBtJif0s,Mother Dairy Milk (1L),60,catybMiB8jWhJF5,Milk,"""2167190850744""","Aisle 3, Section 6, Shelf 2"
prod9LP4nU87eIFl,Amul Milk (500ml),30,catybMiB8jWhJF5,Milk,"""4467997846562""","Aisle 7, Section 10, Shelf 4"
prodhfugesJT5RqM,Nandini Milk (2L),100,catybMiB8jWhJF5,Milk,"""2236562428375""","Aisle 1, Section 5, Shelf 8"
prodZXgWgsdTuwNH,Millet Flour (500g),70,catnxtZsgPC16zL,Millet flour,"""4987898086721""","Aisle 4, Section 1, Shelf 9"
prodq67IhVP9RPbk,Millet Flour (1kg),120,catnxtZsgPC16zL,Millet flour,"""2302796837597""","Aisle 8, Section 5, Shelf 6"
prodSF2dS9xqJxrJ,Millet Flour (250g),50,catnxtZsgPC16zL,Millet flour,"""3372278836644""","Aisle 10, Section 1, Shelf 10"
prodWCt1rwjS0RO9,Keya Freeze Dried Mint Leaves (50g),80,catelEIR3fiVjSa,Mint leaves,"""1807686946078""","Aisle 5, Section 7, Shelf 3"
prodVTOjfVDmwhib,Tata Mint Leaves (100g),40,catelEIR3fiVjSa,Mint leaves,"""7154123707891""","Aisle 2, Section 4, Shelf 5"
prodjO3EnKyrH4Uw,Everest Mint Leaves (25g),30,catelEIR3fiVjSa,Mint leaves,"""5831312635656""","Aisle 9, Section 9, Shelf 1"
prodrqyqlMkSXYn7,Reliance Fresh Mint Powder (50g),60,catbZvEvNnTdkPj,Mint powder,"""9704555916738""","Aisle 6, Section 8, Shelf 7"
prod5yfFrEZc4qX5,Big Bazaar Mint Powder (100g),80,catbZvEvNnTdkPj,Mint powder,"""1316938975872""","Aisle 3, Section 5, Shelf 2"
prodRuVo4416hQAN,Namdharis Mint Powder (200g),100,catbZvEvNnTdkPj,Mint powder,"""2534206958547""","Aisle 7, Section 1, Shelf 4"
prodbd6oBa6fA0z3,Tata Moong Dal (500g),60,catuOSAmNBfwbSk,Moong dal,"""1479240339878""","Aisle 1, Section 6, Shelf 8"
prodVrIAEmauweTZ,Everest Moong Dal (1kg),100,catuOSAmNBfwbSk,Moong dal,"""1094619559132""","Aisle 4, Section 10, Shelf 9"
prodqRHAWKNZJ9jy,MDH Moong Dal (250g),40,catuOSAmNBfwbSk,Moong dal,"""1140094525434""","Aisle 8, Section 6, Shelf 6"
prodT93vUt6w0j3V,Keya Freeze Dried Mushrooms (50g),100,catKS0NW1BcO6d8,Mushrooms,"""9614049265369""","Aisle 10, Section 2, Shelf 10"
prodJmPSjB8aJuX0,Reliance Fresh Mushrooms (250g),80,catKS0NW1BcO6d8,Mushrooms,"""1758834104458""","Aisle 5, Section 6, Shelf 3"
produj0PWjjcsVUB,Big Bazaar Mushrooms (500g),150,catKS0NW1BcO6d8,Mushrooms,"""1153764894639""","Aisle 2, Section 3, Shelf 5"
prodZUtzZzVoijzz,Tata Mustard Greens (500g),50,catNMxI7FKANOPc,Mustard greens,"""3247710428564""","Aisle 9, Section 8, Shelf 1"
prodLfyp6jsKXIWl,Everest Mustard Greens (1kg),80,catNMxI7FKANOPc,Mustard greens,"""1543998973785""","Aisle 6, Section 7, Shelf 7"
prodMXZLgzkxzE73,MDH Mustard Greens (250g),30,catNMxI7FKANOPc,Mustard greens,"""2405764592802""","Aisle 3, Section 4, Shelf 2"
prodHpB7qXwJwSy7,Fortune Mustard Oil (500ml),100,catMZ2rugpzmRMD,Mustard oil,"""1155741694569""","Aisle 7, Section 2, Shelf 4"
prod2TcxKyDGzZG4,Reliance Fresh Mustard Oil (1L),200,catMZ2rugpzmRMD,Mustard oil,"""2995307288524""","Aisle 1, Section 7, Shelf 8"
prodzGVvP9MyLN72,Namdharis Mustard Oil (200ml),50,catMZ2rugpzmRMD,Mustard oil,"""8374200035878""","Aisle 4, Section 9, Shelf 9"
prodZ2kgGOeyITwf,Keya Freeze Dried Mustard Paste (100g),80,catg4bhuMLwHY02,Mustard paste,"""3192120663532""","Aisle 8, Section 7, Shelf 6"
prodK9rV0IJ9TVSW,Tata Mustard Paste (250g),100,catg4bhuMLwHY02,Mustard paste,"""7175035636103""","Aisle 10, Section 3, Shelf 10"
prodRcoD0LXkYKcD,Everest Mustard Paste (500g),150,catg4bhuMLwHY02,Mustard paste,"""2494458829340""","Aisle 5, Section 5, Shelf 3"
prod8qqfKh3gpFJ8,Tata Mustard Seeds (100g),40,catYzpYBUfVjgeL,Mustard seeds,"""1612856086746""","Aisle 2, Section 2, Shelf 5"
prodTCic8oeOMBk5,Everest Mustard Seeds (50g),30,catYzpYBUfVjgeL,Mustard seeds,"""1262064442087""","Aisle 9, Section 7, Shelf 1"
prodVy6aEDU8VT3F,MDH Mustard Seeds (200g),60,catYzpYBUfVjgeL,Mustard seeds,"""3427225060646""","Aisle 6, Section 6, Shelf 7"
prodtPiq1ihFv9i2,Reliance Fresh Mutton (500g),400,catDjA0sVyX6gj3,Mutton,"""3293790412161""","Aisle 3, Section 3, Shelf 2"
prodxa9cmkKZyYck,Big Bazaar Mutton (1kg),750,catDjA0sVyX6gj3,Mutton,"""1765993864092""","Aisle 7, Section 3, Shelf 4"
prodVM1XCnujhS06,Namdharis Mutton (250g),200,catDjA0sVyX6gj3,Mutton,"""4955491286617""","Aisle 1, Section 8, Shelf 8"
prodXu5xHeu7HuAY,Reliance Fresh Mutton Trotters (500g),200,cattyULbGkNltX8,Mutton trotters,"""1891550747780""","Aisle 4, Section 8, Shelf 9"
prodP99fO9zD2q08,Big Bazaar Mutton Trotters (1kg),350,cattyULbGkNltX8,Mutton trotters,"""3129946760114""","Aisle 8, Section 8, Shelf 6"
prod4TCKqSwR3BPZ,Namdharis Mutton Trotters (250g),150,cattyULbGkNltX8,Mutton trotters,"""3240511979591""","Aisle 10, Section 4, Shelf 10"
prodkppPbQP9PzVy,Tata Okra (500g),30,cattj4WvrQDQEnP,Okra,"""2792937167480""","Aisle 5, Section 4, Shelf 3"
prod9LtRK1HlKRqw,Everest Okra (1kg),50,cattj4WvrQDQEnP,Okra,"""2941044726040""","Aisle 2, Section 1, Shelf 5"
prod93jr7nnhhRFG,MDH Okra (250g),20,cattj4WvrQDQEnP,Okra,"""8504661241297""","Aisle 9, Section 6, Shelf 1"
prodRUV2M425MhbR,Reliance Fresh Onion (1kg),25,cattsvHb1ks3cG5,Onion,"""1498300078228""","Aisle 6, Section 5, Shelf 7"
prodLUETBWtXgKzG,Big Bazaar Onion (500g),15,cattsvHb1ks3cG5,Onion,"""2919818497517""","Aisle 3, Section 2, Shelf 2"
prodoq20Ou1z2sU9,Namdharis Onion (250g),10,cattsvHb1ks3cG5,Onion,"""5109905058368""","Aisle 7, Section 4, Shelf 4"
prodraGMifb8lrfX,Reliance Fresh Pabda Fish (500g),300,catBQcWEMo8948S,Pabda fish,"""2707938107271""","Aisle 1, Section 9, Shelf 8"
prodwyI0MFIXfkch,Big Bazaar Pabda Fish (1kg),500,catBQcWEMo8948S,Pabda fish,"""3199672632892""","Aisle 4, Section 7, Shelf 9"
prodgftdITDUazXp,Namdharis Pabda Fish (250g),150,catBQcWEMo8948S,Pabda fish,"""1580857978883""","Aisle 8, Section 9, Shelf 6"
prodz4dD0KhkMLLc,Mother Dairy Paneer (200g),60,catsS9Dre1JG0tn,Paneer,"""2940471343228""","Aisle 10, Section 5, Shelf 10"
prodRJygILCzW2MF,Amul Paneer (500g),120,catsS9Dre1JG0tn,Paneer,"""2827114374779""","Aisle 5, Section 3, Shelf 3"
prodOCaS8pgYC3NC,Nandini Paneer (1kg),200,catsS9Dre1JG0tn,Paneer,"""3270578674989""","Aisle 2, Section 10, Shelf 5"
prod4PMf5LdyiyPc,Keya Freeze Dried Papri (100g),80,catu6GOKmfoUkZV,Papri,"""2532753468936""","Aisle 9, Section 5, Shelf 1"
prod7lLw9O9QOpVp,Tata Papri (250g),100,catu6GOKmfoUkZV,Papri,"""2364738855764""","Aisle 6, Section 4, Shelf 7"
prod6qR2OyKbtPQ9,Everest Papri (500g),150,catu6GOKmfoUkZV,Papri,"""2579114745406""","Aisle 3, Section 1, Shelf 2"
proddR7hXks85lx8,MDH Paprika (50g),40,cat2L1AruxEqk5q,Paprika,"""1139036715703""","Aisle 7, Section 5, Shelf 4"
prodM6aVUXoOjA0q,Everest Paprika (25g),30,cat2L1AruxEqk5q,Paprika,"""2476490905895""","Aisle 1, Section 10, Shelf 8"
prodnScIDOzqtkbv,Tata Paprika (100g),50,cat2L1AruxEqk5q,Paprika,"""1766007600810""","Aisle 4, Section 6, Shelf 9"
prodtTyK20zibI58,Modern Pav Bread (400g),25,catLuvtPATwTpeR,Pav bread,"""4716422964368""","Aisle 8, Section 10, Shelf 6"
prodNmZHLzPh0XZ2,Britannia Pav Bread (500g),30,catLuvtPATwTpeR,Pav bread,"""2880836649104""","Aisle 10, Section 6, Shelf 10"
prodRxrw5w3H4iwF,Brown Pav Bread (300g),20,catLuvtPATwTpeR,Pav bread,"""1004647258799""","Aisle 5, Section 2, Shelf 3"
prodmoCrhwDrvOUq,Nutraj Peanuts (500g),120,catATMVndOCVhsx,Peanuts,"""6897520106051""","Aisle 2, Section 9, Shelf 5"
prodOkVrJ8odWn7F,Borges Roasted Peanuts (250g),80,catATMVndOCVhsx,Peanuts,"""8287044279173""","Aisle 9, Section 4, Shelf 1"
prodIM7Y62HAWarm,Happilo Premium Peanuts (1kg),200,catATMVndOCVhsx,Peanuts,"""2607067933847""","Aisle 6, Section 3, Shelf 7"
prod1heD6uM9C6rn,Tata Peas (500g),40,cataSm7my4M5058,Peas,"""1044081464638""","Aisle 3, Section 10, Shelf 2"
prodCjFjH2PBViZv,Everest Peas (1kg),60,cataSm7my4M5058,Peas,"""1101811778187""","Aisle 7, Section 6, Shelf 4"
prodi55XoZX8dEaw,MDH Peas (250g),30,cataSm7my4M5058,Peas,"""3093008429423""","Aisle 1, Section 2, Shelf 8"
prodksrdGCTADnXR,Reliance Fresh Pointed Gourd (500g),25,catCPuvBDRhWGsP,Pointed gourd,"""1293506394077""","Aisle 4, Section 5, Shelf 9"
prodFdxaKwfn0vBO,Big Bazaar Pointed Gourd (1kg),40,catCPuvBDRhWGsP,Pointed gourd,"""1167655349029""","Aisle 8, Section 1, Shelf 6"
prodf66Fx8ueaRLb,Namdharis Pointed Gourd (250g),20,catCPuvBDRhWGsP,Pointed gourd,"""2412774338206""","Aisle 10, Section 7, Shelf 10"
prod8iU1Oux4w3dY,Reliance Fresh Pomfret Fish (500g),300,cat3P6e8Ht5rZwD,Pomfret fish,"""2545039204408""","Aisle 5, Section 11, Shelf 3"
proda6IfWz1i8WcL,Big Bazaar Pomfret Fish (1kg),550,cat3P6e8Ht5rZwD,Pomfret fish,"""2142791898152""","Aisle 2, Section 8, Shelf 5"
prodF4UZjx3KR1Nb,Namdharis Pomfret Fish (250g),200,cat3P6e8Ht5rZwD,Pomfret fish,"""2393208833512""","Aisle 9, Section 3, Shelf 1"
prod01OVhBbwiGgw,Reliance Fresh Pork (500g),250,catbL4RQGseOvds,Pork,"""4797838757402""","Aisle 6, Section 2, Shelf 7"
prodw6udjG2DIUKu,Big Bazaar Pork (1kg),400,catbL4RQGseOvds,Pork,"""9469036823941""","Aisle 3, Section 9, Shelf 2"
prodRwry1LHfKLo8,Namdharis Pork (250g),150,catbL4RQGseOvds,Pork,"""3961776112785""","Aisle 7, Section 7, Shelf 4"
prodazAjl3utYrds,Reliance Fresh Potato (1kg),20,catdAFe18xdepq1,Potato,"""2196144353675""","Aisle 1, Section 1, Shelf 8"
prod64tOaokt6mlZ,Big Bazaar Potato (500g),15,catdAFe18xdepq1,Potato,"""2732023439730""","Aisle 4, Section 4, Shelf 9"
prodnks8kaBGOVCz,Namdharis Potato (250g),10,catdAFe18xdepq1,Potato,"""1626491026663""","Aisle 8, Section 2, Shelf 6"
prodD23kicLOlRZ3,Reliance Fresh Prawns (500g),200,catux85PDswRodP,Prawns,"""1264709794779""","Aisle 10, Section 8, Shelf 10"
prodYGFwJmbVFHHW,Big Bazaar Prawns (1kg),350,catux85PDswRodP,Prawns,"""3224484157331""","Aisle 5, Section 10, Shelf 3"
prodZjRNj7XgM1sx,Namdharis Prawns (250g),150,catux85PDswRodP,Prawns,"""3093371551101""","Aisle 2, Section 7, Shelf 5"
prodS2lvpOB50sOi,Reliance Fresh Pumpkin (1kg),30,catmm0UKlrkH24n,Pumpkin,"""8701159688495""","Aisle 9, Section 2, Shelf 1"
prodwHtZPQUYjGA2,Big Bazaar Pumpkin (500g),20,catmm0UKlrkH24n,Pumpkin,"""1818350130934""","Aisle 6, Section 1, Shelf 7"
prod5FOvmMwNRuWC,Namdharis Pumpkin (250g),15,catmm0UKlrkH24n,Pumpkin,"""1605709817807""","Aisle 3, Section 8, Shelf 2"
prod39GWRR5JSRBm,Tata Raisins (250g),100,catqNJ2X4buryBo,Raisins,"""1757068013919""","Aisle 7, Section 8, Shelf 4"
prodCE2VO4JYOktL,Everest Raisins (500g),150,catqNJ2X4buryBo,Raisins,"""9501781588300""","Aisle 1, Section 3, Shelf 8"
prodW9kN1NoEV4xa,MDH Raisins (1kg),250,catqNJ2X4buryBo,Raisins,"""3191819952259""","Aisle 4, Section 3, Shelf 9"
prodqCMgU6X3vDpJ,Reliance Fresh Rajma (500g),60,cat18kEiDf4Mu8K,Rajma,"""2113972430176""","Aisle 8, Section 3, Shelf 6"
prodAQoxlHhE4kvn,Big Bazaar Rajma (1kg),100,cat18kEiDf4Mu8K,Rajma,"""2793757492373""","Aisle 10, Section 9, Shelf 10"
prodag7sRHS2zIdn,Namdharis Rajma (250g),40,cat18kEiDf4Mu8K,Rajma,"""9766971389131""","Aisle 5, Section 9, Shelf 3"
prodTvHo0kEccO6b,Tata Red Chili Powder (100g),30,catI5BG9YINl0P0,Red chili powder,"""2760558233621""","Aisle 2, Section 6, Shelf 5"
prod5UcxeXMF2p58,Everest Red Chili Powder (50g),20,catI5BG9YINl0P0,Red chili powder,"""1279731142333""","Aisle 9, Section 1, Shelf 1"
prodmXnzqm75gZDx,MDH Red Chili Powder (200g),40,catI5BG9YINl0P0,Red chili powder,"""2915791545783""","Aisle 6, Section 10, Shelf 7"
prodpURgdYzaBWjj,Keya Freeze Dried Red Chilies (50g),60,catbQRemIUIIdn5,Red chilies,"""2980249463156""","Aisle 3, Section 7, Shelf 2"
prod4e0HALhzSFBi,Tata Red Chilies (100g),40,catbQRemIUIIdn5,Red chilies,"""3317280347918""","Aisle 7, Section 9, Shelf 4"
prodWVnbb0qr5KCA,Everest Red Chilies (25g),30,catbQRemIUIIdn5,Red chilies,"""1190828550636""","Aisle 1, Section 4, Shelf 8"
prodCZzZxu1Tl2TE,Tata Rice (5kg),300,cathMSkSkiKYMlh,Rice,"""3180058392898""","Aisle 4, Section 2, Shelf 9"
prodXafEcMEXKfTB,Everest Rice (10kg),600,cathMSkSkiKYMlh,Rice,"""1960278143195""","Aisle 8, Section 4, Shelf 6"
prodJec5xczBtBej,MDH Rice (1kg),120,cathMSkSkiKYMlh,Rice,"""2628253731255""","Aisle 10, Section 10, Shelf 10"
prodsPi3iMLlsACq,Aashirvaad Rice Flour (500g),40,catDuwBg4eiUDbU,Rice flour,"""5991057255481""","Aisle 5, Section 8, Shelf 3"
prodpEPIOit5E2AY,Pillsbury Rice Flour (1kg),80,catDuwBg4eiUDbU,Rice flour,"""6214545238134""","Aisle 2, Section 5, Shelf 5"
prodgIYAOHX4axhC,Keya Freeze Dried Rice Flour (250g),60,catDuwBg4eiUDbU,Rice flour,"""2025750795887""","Aisle 9, Section 10, Shelf 1"
prodYrC7qkjY2Gqg,Reliance Fresh Rohu Fish (500g),200,catIVEusSOC6VEl,Rohu fish,"""2473518565762""","Aisle 6, Section 9, Shelf 7"
prodHwPzbUAitWc0,Big Bazaar Rohu Fish (1kg),400,catIVEusSOC6VEl,Rohu fish,"""4062094367676""","Aisle 3, Section 6, Shelf 2"
prodJ5aIUxV2aj2t,Namdharis Rohu Fish (250g),150,catIVEusSOC6VEl,Rohu fish,"""2352393591333""","Aisle 7, Section 10, Shelf 4"
prodrhhwb8Q1TOZe,Tata Rose Water (100ml),50,cat1jPanNVYsjjr,Rose water,"""1391499950318""","Aisle 1, Section 5, Shelf 8"
prod2gQmv1ZtdzcB,Everest Rose Water (50ml),30,cat1jPanNVYsjjr,Rose water,"""4543540359364""","Aisle 4, Section 1, Shelf 9"
prodoCEqWqELcggl,MDH Rose Water (200ml),80,cat1jPanNVYsjjr,Rose water,"""1473236150383""","Aisle 8, Section 5, Shelf 6"
prod4ANUybggAtxs,Keya Freeze Dried Sabudana (100g),60,catXPNBWT4OOtkt,Sabudana,"""2151091573738""","Aisle 10, Section 1, Shelf 10"
prodYujmyghQNMCJ,Tata Sabudana (250g),40,catXPNBWT4OOtkt,Sabudana,"""1486507828091""","Aisle 5, Section 7, Shelf 3"
prod2LSZXP95wgXQ,Everest Sabudana (500g),80,catXPNBWT4OOtkt,Sabudana,"""5852104398997""","Aisle 2, Section 4, Shelf 5"
prodUStKWfJLcoIx,MDH Saffron (1g),100,catLC5Of8At7Mvc,Saffron,"""3303600778131""","Aisle 9, Section 9, Shelf 1"
prodGeAo6IFSbmHS,Everest Saffron (0.5g),60,catLC5Of8At7Mvc,Saffron,"""4722478924303""","Aisle 6, Section 8, Shelf 7"
prod5h2inV0Kva52,Tata Saffron (2g),200,catLC5Of8At7Mvc,Saffron,"""4051357975718""","Aisle 3, Section 5, Shelf 2"
prod7CJZSnULhgcO,Tata Salt (1kg),20,catFHAOwnJ0DkGt,Salt,"""3262316674598""","Aisle 7, Section 1, Shelf 4"
prodsytTCKS6hmc3,Everest Salt (500g),15,catFHAOwnJ0DkGt,Salt,"""1222196650254""","Aisle 1, Section 6, Shelf 8"
prodkYGPMWeNlRni,MDH Salt (250g),10,catFHAOwnJ0DkGt,Salt,"""4115526938880""","Aisle 4, Section 10, Shelf 9"
prodGdHQlqunHEdk,MDH Sambar Powder (100g),50,catdpBX6iHk44Je,Sambar powder,"""3244383619375""","Aisle 8, Section 6, Shelf 6"
produWonAaCJcLwT,Everest Sambar Powder (50g),30,catdpBX6iHk44Je,Sambar powder,"""2436941941418""","Aisle 10, Section 2, Shelf 10"
prodokex7Xzg1Ok3,Tata Sambar Powder (200g),80,catdpBX6iHk44Je,Sambar powder,"""2588570719950""","Aisle 5, Section 6, Shelf 3"
prodIKXfkRf9hMhk,Reliance Fresh Seer Fish (500g),300,catzfrK8BWxDNRm,Seer fish,"""3085084755726""","Aisle 2, Section 3, Shelf 5"
prodUJT5Ed6VdjON,Big Bazaar Seer Fish (1kg),550,catzfrK8BWxDNRm,Seer fish,"""1073843671198""","Aisle 9, Section 8, Shelf 1"
prodRjsRst1Axym7,Namdharis Seer Fish (250g),200,catzfrK8BWxDNRm,Seer fish,"""5124314045582""","Aisle 6, Section 7, Shelf 7"
prodRRougE52nt29,Tata Seeraga Samba Rice (5kg),400,cat0y6clWJIrafn,Seeraga samba rice,"""2531504675100""","Aisle 3, Section 4, Shelf 2"
prodVEQm4K8uZCsa,Everest Seeraga Samba Rice (10kg),750,cat0y6clWJIrafn,Seeraga samba rice,"""8704232806625""","Aisle 7, Section 2, Shelf 4"
prod5WGV6nSiMxcB,MDH Seeraga Samba Rice (1kg),150,cat0y6clWJIrafn,Seeraga samba rice,"""8601454431680""","Aisle 1, Section 7, Shelf 8"
prodcOerIqot7dM8,Aashirvaad Semolina (500g),30,cathdjhC56dD2ZR,Semolina,"""2063256103536""","Aisle 4, Section 9, Shelf 9"
prodBTndR7o12FiA,Pillsbury Semolina (1kg),50,cathdjhC56dD2ZR,Semolina,"""3033793656811""","Aisle 8, Section 7, Shelf 6"
prodzpOjrpWDDPCu,Keya Freeze Dried Semolina (250g),40,cathdjhC56dD2ZR,Semolina,"""1034544444323""","Aisle 10, Section 3, Shelf 10"
prodOxEfciZTttS3,Keya Freeze Dried Soy Sauce (100ml),80,cat66GDrBJYlgF3,Soy sauce,"""1536338468968""","Aisle 5, Section 5, Shelf 3"
prodCoALWyGgi826,Tata Soy Sauce (250ml),100,cat66GDrBJYlgF3,Soy sauce,"""1454137066271""","Aisle 2, Section 2, Shelf 5"
produ4OafvDTJARM,Everest Soy Sauce (500ml),150,cat66GDrBJYlgF3,Soy sauce,"""1528584591216""","Aisle 9, Section 7, Shelf 1"
prod3QOwL4IJia3W,Tata Soya Chunks (200g),50,cat0FrtOaPHzCAW,Soya chunks,"""2646174657144""","Aisle 6, Section 6, Shelf 7"
prodpuqhdaPti6TQ,Everest Soya Chunks (500g),100,cat0FrtOaPHzCAW,Soya chunks,"""1144952966579""","Aisle 3, Section 3, Shelf 2"
prodBfPOjMOgCKK9,MDH Soya Chunks (1kg),180,cat0FrtOaPHzCAW,Soya chunks,"""2938506080677""","Aisle 7, Section 3, Shelf 4"
prodmd5JSnDEqNPy,Reliance Fresh Spinach (500g),25,catfCa1V5MhbHyK,Spinach,"""2210432751994""","Aisle 1, Section 8, Shelf 8"
prodWcge3iINEMh8,Big Bazaar Spinach (1kg),40,catfCa1V5MhbHyK,Spinach,"""1586993463435""","Aisle 4, Section 8, Shelf 9"
prod4lqXCHozmxjA,Namdharis Spinach (250g),20,catfCa1V5MhbHyK,Spinach,"""2434524720466""","Aisle 8, Section 8, Shelf 6"
prodN3rkI3eF0GKv,Tata Sugar (1kg),40,catI4ahevJuiXd2,Sugar,"""2604307491937""","Aisle 10, Section 4, Shelf 10"
prodV70EQSN8StJw,Everest Sugar (500g),25,catI4ahevJuiXd2,Sugar,"""2068221141316""","Aisle 5, Section 4, Shelf 3"
prodIPB24ZGPxo8R,MDH Sugar (250g),20,catI4ahevJuiXd2,Sugar,"""1638140010551""","Aisle 2, Section 1, Shelf 5"
prodVxiltidAjNOH,Tata Sugar Syrup (500ml),50,catqfH4OcOhp5Si,Sugar syrup,"""2563429788974""","Aisle 9, Section 6, Shelf 1"
prodJJOPMWHPHBpy,Everest Sugar Syrup (250ml),30,catqfH4OcOhp5Si,Sugar syrup,"""1330956360063""","Aisle 6, Section 5, Shelf 7"
prodlcE2W4IPWczK,MDH Sugar Syrup (1L),100,catqfH4OcOhp5Si,Sugar syrup,"""1946688381424""","Aisle 3, Section 2, Shelf 2"
prodgoYwF2OIZg5R,Fortune Sunflower Oil (1L),120,catGl8Y33plQnse,Sunflower oil,"""2566905398495""","Aisle 7, Section 4, Shelf 4"
prodFeU0hSpwBfjh,Reliance Fresh Sunflower Oil (5L),500,catGl8Y33plQnse,Sunflower oil,"""3344148524298""","Aisle 1, Section 9, Shelf 8"
prodK37dNBL22rtN,Namdharis Sunflower Oil (2L),250,catGl8Y33plQnse,Sunflower oil,"""3168512690765""","Aisle 4, Section 7, Shelf 9"
prodmrjJytTEimlE,Keya Freeze Dried Tamarind (100g),60,catEnmvDXFHw4Wh,Tamarind,"""1794128254597""","Aisle 8, Section 9, Shelf 6"
prodYJYPCTDEIzOI,Tata Tamarind (250g),40,catEnmvDXFHw4Wh,Tamarind,"""1760751732528""","Aisle 10, Section 5, Shelf 10"
prod9Na9LFgkysA3,Everest Tamarind (500g),80,catEnmvDXFHw4Wh,Tamarind,"""2415161185512""","Aisle 5, Section 3, Shelf 3"
prodUrMRkTMDAgGc,Tata Tandoori Masala (100g),50,catMKh1kxg70V5p,Tandoori masala,"""1992957392416""","Aisle 2, Section 10, Shelf 5"
prodRxohGlU3E5kt,Everest Tandoori Masala (50g),30,catMKh1kxg70V5p,Tandoori masala,"""1460270824369""","Aisle 9, Section 5, Shelf 1"
prodzR44gLfCPboW,MDH Tandoori Masala (200g),80,catMKh1kxg70V5p,Tandoori masala,"""6519114844277""","Aisle 6, Section 4, Shelf 7"
prodGTZhCvNy5u1g,Reliance Fresh Tomato (1kg),20,catdNcbSC5WJQcW,Tomato,"""2622857725436""","Aisle 3, Section 1, Shelf 2"
prododY0VCGYKv22,Big Bazaar Tomato (500g),15,catdNcbSC5WJQcW,Tomato,"""3275372099088""","Aisle 7, Section 5, Shelf 4"
prod275g9BrIKYFz,Namdharis Tomato (250g),10,catdNcbSC5WJQcW,Tomato,"""5617847329812""","Aisle 1, Section 10, Shelf 8"
prodvbM4SPE0euNv,Tata Toor Dal (500g),60,catVGGmukb09C2J,Toor dal,"""2829640365092""","Aisle 4, Section 6, Shelf 9"
prodwd318H53eOhF,Everest Toor Dal (1kg),100,catVGGmukb09C2J,Toor dal,"""5302477015974""","Aisle 8, Section 10, Shelf 6"
prodQdkRiohCT5ic,MDH Toor Dal (250g),40,catVGGmukb09C2J,Toor dal,"""2073095660592""","Aisle 10, Section 6, Shelf 10"
prodzC8OofGAKflq,Keya Freeze Dried Turmeric (50g),60,cat1xZVAv8Vmu7s,Turmeric,"""1585129858708""","Aisle 5, Section 2, Shelf 3"
prod6jltsf5CNuHh,Tata Turmeric (100g),40,cat1xZVAv8Vmu7s,Turmeric,"""4541992292014""","Aisle 2, Section 9, Shelf 5"
prodjeGryZ9A6Wmq,Everest Turmeric (25g),30,cat1xZVAv8Vmu7s,Turmeric,"""2592567098195""","Aisle 9, Section 4, Shelf 1"
prod3DUnLPW7qtDA,Tata Urad Dal (500g),50,catR2FKb7IxxAwQ,Urad dal,"""1026199623254""","Aisle 6, Section 3, Shelf 7"
prodA7Zm6nogXBYk,Everest Urad Dal (1kg),80,catR2FKb7IxxAwQ,Urad dal,"""2436925939906""","Aisle 3, Section 10, Shelf 2"
prodV0t7PVQdxGaH,MDH Urad Dal (250g),40,catR2FKb7IxxAwQ,Urad dal,"""1097534513782""","Aisle 7, Section 6, Shelf 4"
prodSCf4adU6XbsM,Keya Freeze Dried Vinegar (100ml),80,catXPV0uz7F6ec3,Vinegar,"""1157507348893""","Aisle 1, Section 2, Shelf 8"
prodx1axzaGHBZOY,Tata Vinegar (250ml),100,catXPV0uz7F6ec3,Vinegar,"""3338944394689""","Aisle 4, Section 5, Shelf 9"
prod6t879WBespWE,Everest Vinegar (500ml),150,catXPV0uz7F6ec3,Vinegar,"""7667116566443""","Aisle 8, Section 1, Shelf 6"
prodcLrdoucbumDP,Aashirvaad Wheat (5kg),200,categDDMKvuf4sX,Wheat,"""2166873468743""","Aisle 10, Section 7, Shelf 10"
prod5yyi2GksGASy,Pillsbury Wheat (10kg),400,categDDMKvuf4sX,Wheat,"""2832937891293""","Aisle 5, Section 11, Shelf 3"
prodovxP1ZR6IGrp,Keya Freeze Dried Wheat (1kg),120,categDDMKvuf4sX,Wheat,"""2104666818119""","Aisle 2, Section 8, Shelf 5"
prodHFMy8eybrCaf,Tata Wheat Flour (1kg),40,catUOOzhKIMVXtZ,Wheat flour,"""1095375277338""","Aisle 9, Section 3, Shelf 1"
prodtf5gmX2ffcMW,Everest Wheat Flour (500g),25,catUOOzhKIMVXtZ,Wheat flour,"""1442465155879""","Aisle 6, Section 2, Shelf 7"
prodMuWzsLN9IU8I,MDH Wheat Flour (250g),20,catUOOzhKIMVXtZ,Wheat flour,"""3034151969878""","Aisle 3, Section 9, Shelf 2"
proddQP7tWS08DKF,Keya Freeze Dried Whole Chicken (1kg),200,cat3DEenh76v7cT,Whole chicken,"""1705026935268""","Aisle 7, Section 7, Shelf 4"
prodFGLV671JZAQn,Tata Whole Chicken (2kg),350,cat3DEenh76v7cT,Whole chicken,"""1523273271569""","Aisle 1, Section 1, Shelf 8"
prodSgH9lRHAzJSK,Everest Whole Chicken (3kg),500,cat3DEenh76v7cT,Whole chicken,"""6761520789420""","Aisle 4, Section 4, Shelf 9"
prodwIA5hYTkm3vu,MDH Yeast (100g),80,catUNEKlwGjFEru,Yeast,"""1054078318641""","Aisle 8, Section 2, Shelf 6"
prodEeSb7GziN4ZG,Everest Yeast (50g),60,catUNEKlwGjFEru,Yeast,"""2367726446967""","Aisle 10, Section 8, Shelf 10"
prodDYlrcoeTuRFq,Tata Yeast (200g),100,catUNEKlwGjFEru,Yeast,"""9881209550643""","Aisle 5, Section 10, Shelf 3"
prodE9XkIp4BVzy0,Mother Dairy Yogurt (500g),40,catRqesLwYP3Rgq,Yogurt,"""2904972459776""","Aisle 2, Section 7, Shelf 5"
prodVqyeaVToSgq8,Amul Yogurt (1kg),80,catRqesLwYP3Rgq,Yogurt,"""3023398509682""","Aisle 9, Section 2, Shelf 1"
prodbagrWJ1jyD7F,Nandini Yogurt (200g),20,catRqesLwYP3Rgq,Yogurt,"""1393190898794""","Aisle 6, Section 1, Shelf 7"
